5E-CF-7F-01-85-56,5ECF7F018556,5C-CF-7F-01-85-56,5CCF7F018556
5E-CF-7F-01-85-56,5ECF7F018556,5C-CF-7F-01-85-56,5CCF7F018556
5E-CF-7F-00-D2-2D,5ECF7F00D22D,5C-CF-7F-00-D2-2D,5CCF7F00D22D
5E-CF-7F-00-D2-2D,5ECF7F00D22D,5C-CF-7F-00-D2-2D,5CCF7F00D22D
5E-CF-7F-00-D2-2D,5ECF7F00D22D,5C-CF-7F-00-D2-2D,5CCF7F00D22D
1A-FE-34-DA-7B-BE,1AFE34DA7BBE,18-FE-34-DA-7B-BE,18FE34DA7BBE
1A-FE-34-DA-7B-BE,1AFE34DA7BBE,18-FE-34-DA-7B-BE,18FE34DA7BBE
1A-FE-34-DA-7B-BE,1AFE34DA7BBE,18-FE-34-DA-7B-BE,18FE34DA7BBE
1A-FE-34-A6-74-D4,1AFE34A674D4,18-FE-34-A6-74-D4,18FE34A674D4
1A-FE-34-A6-74-D4,1AFE34A674D4,18-FE-34-A6-74-D4,18FE34A674D4
1A-FE-34-99-2F-03,1AFE34992F03,18-FE-34-99-2F-03,18FE34992F03
1A-FE-34-99-2E-A8,1AFE34992EA8,18-FE-34-99-2E-A8,18FE34992EA8
1A-FE-34-99-2E-A8,1AFE34992EA8,18-FE-34-99-2E-A8,18FE34992EA8
1A-FE-34-99-2E-A8,1AFE34992EA8,18-FE-34-99-2E-A8,18FE34992EA8
1A-FE-34-99-2E-A8,1AFE34992EA8,18-FE-34-99-2E-A8,18FE34992EA8
1A-FE-34-99-2E-A8,1AFE34992EA8,18-FE-34-99-2E-A8,18FE34992EA8
1A-FE-34-99-2E-A8,1AFE34992EA8,18-FE-34-99-2E-A8,18FE34992EA8
1A-FE-34-99-2E-A8,1AFE34992EA8,18-FE-34-99-2E-A8,18FE34992EA8
1A-FE-34-99-2E-A8,1AFE34992EA8,18-FE-34-99-2E-A8,18FE34992EA8
1A-FE-34-99-2E-A8,1AFE34992EA8,18-FE-34-99-2E-A8,18FE34992EA8
1A-FE-34-99-2E-A8,1AFE34992EA8,18-FE-34-99-2E-A8,18FE34992EA8
1A-FE-34-99-2E-A8,1AFE34992EA8,18-FE-34-99-2E-A8,18FE34992EA8
1A-FE-34-99-2E-A8,1AFE34992EA8,18-FE-34-99-2E-A8,18FE34992EA8
